--
-- PostgreSQL database dump
--

-- Dumped from database version 17.5
-- Dumped by pg_dump version 17.5

SET statement_timeout = 0;
SET lock_timeout = 0;
SET idle_in_transaction_session_timeout = 0;
SET transaction_timeout = 0;
SET client_encoding = 'UTF8';
SET standard_conforming_strings = on;
SELECT pg_catalog.set_config('search_path', '', false);
SET check_function_bodies = false;
SET xmloption = content;
SET client_min_messages = warning;
SET row_security = off;

--
-- Name: uuid-ossp; Type: EXTENSION; Schema: -; Owner: -
--

CREATE EXTENSION IF NOT EXISTS "uuid-ossp" WITH SCHEMA public;


--
-- Name: EXTENSION "uuid-ossp"; Type: COMMENT; Schema: -; Owner: -
--

COMMENT ON EXTENSION "uuid-ossp" IS 'generate universally unique identifiers (UUIDs)';


--
-- Name: demand_requests_channel_enum; Type: TYPE; Schema: public; Owner: -
--

CREATE TYPE public.demand_requests_channel_enum AS ENUM (
    'EMAIL',
    'WHATSAPP'
);


--
-- Name: demand_requests_status_enum; Type: TYPE; Schema: public; Owner: -
--

CREATE TYPE public.demand_requests_status_enum AS ENUM (
    'PENDING',
    'NOTIFIED',
    'CONVERTED'
);


SET default_tablespace = '';

SET default_table_access_method = heap;

--
-- Name: demand_requests; Type: TABLE; Schema: public; Owner: -
--

CREATE TABLE public.demand_requests (
    id uuid DEFAULT public.uuid_generate_v4() NOT NULL,
    variant_id uuid NOT NULL,
    contact character varying NOT NULL,
    channel public.demand_requests_channel_enum NOT NULL,
    status public.demand_requests_status_enum DEFAULT 'PENDING'::public.demand_requests_status_enum NOT NULL,
    created_at timestamp without time zone DEFAULT now() NOT NULL,
    updated_at timestamp without time zone DEFAULT now() NOT NULL,
    notified_at timestamp without time zone
);


--
-- Name: migrations; Type: TABLE; Schema: public; Owner: -
--

CREATE TABLE public.migrations (
    id integer NOT NULL,
    "timestamp" bigint NOT NULL,
    name character varying NOT NULL
);


--
-- Name: migrations_id_seq; Type: SEQUENCE; Schema: public; Owner: -
--

CREATE SEQUENCE public.migrations_id_seq
    AS integer
    START WITH 1
    INCREMENT BY 1
    NO MINVALUE
    NO MAXVALUE
    CACHE 1;


--
-- Name: migrations_id_seq; Type: SEQUENCE OWNED BY; Schema: public; Owner: -
--

ALTER SEQUENCE public.migrations_id_seq OWNED BY public.migrations.id;


--
-- Name: order_attributions; Type: TABLE; Schema: public; Owner: -
--

CREATE TABLE public.order_attributions (
    id uuid DEFAULT public.uuid_generate_v4() NOT NULL,
    order_id character varying NOT NULL,
    shop_id uuid NOT NULL,
    recovery_link_id uuid,
    revenue numeric(10,2) NOT NULL,
    created_at timestamp without time zone DEFAULT now() NOT NULL
);


--
-- Name: products; Type: TABLE; Schema: public; Owner: -
--

CREATE TABLE public.products (
    id uuid DEFAULT public.uuid_generate_v4() NOT NULL,
    shop_id uuid NOT NULL,
    shopify_product_id character varying NOT NULL,
    title character varying NOT NULL,
    image_url character varying,
    created_at timestamp without time zone DEFAULT now() NOT NULL,
    updated_at timestamp without time zone DEFAULT now() NOT NULL
);


--
-- Name: recovery_links; Type: TABLE; Schema: public; Owner: -
--

CREATE TABLE public.recovery_links (
    id uuid DEFAULT public.uuid_generate_v4() NOT NULL,
    demand_request_id uuid NOT NULL,
    token character varying NOT NULL,
    expires_at timestamp without time zone NOT NULL,
    created_at timestamp without time zone DEFAULT now() NOT NULL
);


--
-- Name: shop_plans; Type: TABLE; Schema: public; Owner: -
--

CREATE TABLE public.shop_plans (
    id uuid DEFAULT public.uuid_generate_v4() NOT NULL,
    shop_id character varying NOT NULL,
    plan character varying(10) DEFAULT 'FREE'::character varying NOT NULL,
    monthly_notify_limit integer DEFAULT 50 NOT NULL,
    notifications_used_this_month integer DEFAULT 0 NOT NULL,
    usage_reset_at timestamp without time zone,
    created_at timestamp without time zone DEFAULT CURRENT_TIMESTAMP NOT NULL,
    updated_at timestamp without time zone DEFAULT CURRENT_TIMESTAMP NOT NULL
);


--
-- Name: shop_settings; Type: TABLE; Schema: public; Owner: -
--

CREATE TABLE public.shop_settings (
    id uuid DEFAULT public.uuid_generate_v4() NOT NULL,
    shop_id uuid NOT NULL,
    auto_notify_on_restock boolean DEFAULT false NOT NULL,
    created_at timestamp without time zone DEFAULT now() NOT NULL,
    updated_at timestamp without time zone DEFAULT now() NOT NULL
);


--
-- Name: shops; Type: TABLE; Schema: public; Owner: -
--

CREATE TABLE public.shops (
    id uuid DEFAULT public.uuid_generate_v4() NOT NULL,
    "shopifyDomain" character varying NOT NULL,
    access_token character varying NOT NULL,
    created_at timestamp without time zone DEFAULT now() NOT NULL,
    updated_at timestamp without time zone DEFAULT now() NOT NULL,
    is_active boolean DEFAULT true,
    installed_at timestamp without time zone
);


--
-- Name: variants; Type: TABLE; Schema: public; Owner: -
--

CREATE TABLE public.variants (
    id uuid DEFAULT public.uuid_generate_v4() NOT NULL,
    product_id uuid NOT NULL,
    shopify_variant_id character varying NOT NULL,
    inventory_quantity integer DEFAULT 0 NOT NULL,
    created_at timestamp without time zone DEFAULT now() NOT NULL,
    updated_at timestamp without time zone DEFAULT now() NOT NULL
);


--
-- Name: migrations id; Type: DEFAULT; Schema: public; Owner: -
--

ALTER TABLE ONLY public.migrations ALTER COLUMN id SET DEFAULT nextval('public.migrations_id_seq'::regclass);


--
-- Data for Name: demand_requests; Type: TABLE DATA; Schema: public; Owner: -
--

COPY public.demand_requests (id, variant_id, contact, channel, status, created_at, updated_at, notified_at) FROM stdin;
165b34de-53ce-4821-b4bd-f414ceeb0484	3896cde4-9149-439e-bf26-a2148dac4464	dakota.garcia402@icloud.com	EMAIL	PENDING	2025-12-28 23:49:49.163	2026-01-09 10:33:30.320669	\N
88297374-91db-474a-a3c1-4fdda0dec09e	a110662b-c33a-448a-ad11-29e8c63a2a42	+11779856795	WHATSAPP	NOTIFIED	2025-12-31 19:56:05.667	2026-01-09 10:33:30.328441	\N
c6353067-13fb-44d5-b18b-d1e091d1bc8a	9295882a-d9ab-4eb4-9419-a38bd4f50722	+19237881495	WHATSAPP	PENDING	2025-12-18 09:42:12.214	2026-01-09 10:33:30.332257	\N
70e60b6d-637e-42cd-a273-5beaad08090e	e250b201-188f-482b-b411-80df58f1c1eb	alex.hernandez85@gmail.com	EMAIL	CONVERTED	2025-12-15 05:57:58.264	2026-01-09 10:33:30.336378	\N
4482b26a-0024-4250-b4a4-ff852c2a0e91	3896cde4-9149-439e-bf26-a2148dac4464	+14963274228	WHATSAPP	NOTIFIED	2025-12-25 08:40:09.926	2026-01-09 10:33:30.34057	\N
1924f1c4-71bc-4769-becb-d62cbb0c0f7a	280d7c0a-6e5a-4d5d-a026-189691c61be1	jamie.anderson894@hotmail.com	EMAIL	CONVERTED	2025-12-14 17:03:47.551	2026-01-09 10:33:30.344636	\N
f8afc72f-4715-4dfe-a973-afc1f5cfb142	34eb7fff-0788-4d64-89d3-fc887f951036	sam.smith911@outlook.com	EMAIL	NOTIFIED	2026-01-02 12:10:03.451	2026-01-09 10:33:30.348706	\N
bf9b539f-ccf1-4f23-8c83-4367932af1cb	439c6ecf-af32-4e43-b802-421b5c17a527	avery.anderson329@outlook.com	EMAIL	NOTIFIED	2025-12-27 09:56:09.701	2026-01-09 10:33:30.353192	\N
22be32d4-b2fe-42cf-8cec-5c74b5710c60	95a3aa8b-38e4-42bf-833c-3b484955f22a	sage.miller258@yahoo.com	EMAIL	NOTIFIED	2026-01-08 15:33:06.921	2026-01-09 10:33:30.356714	\N
e614d7f9-3d79-4cd9-b76e-1386a85cf44c	95a3aa8b-38e4-42bf-833c-3b484955f22a	jamie.lopez66@icloud.com	EMAIL	PENDING	2025-12-25 21:12:46.492	2026-01-09 10:33:30.364774	\N
a6b31981-22c7-4d31-884f-7f0c1b1c7e00	e250b201-188f-482b-b411-80df58f1c1eb	sam.rodriguez779@yahoo.com	EMAIL	NOTIFIED	2025-12-17 01:44:37.878	2026-01-09 10:33:30.368951	\N
7093e116-1546-4e1a-8f5e-adc1a0e01b79	34eb7fff-0788-4d64-89d3-fc887f951036	cameron.garcia54@hotmail.com	EMAIL	CONVERTED	2025-12-30 06:08:45.17	2026-01-09 10:33:30.372771	\N
67118572-d8dc-4aa4-a99e-cb0bd3dec869	fa32f2f5-ca72-4a09-b9df-754961e796bd	jamie.wilson775@outlook.com	EMAIL	PENDING	2025-12-24 19:42:47.66	2026-01-09 10:33:30.376598	\N
eed6ff4b-9212-44b8-a7bd-ef570c7fade8	736b78c1-7f3b-4356-81d6-c898cf73cc3c	riley.thomas989@yahoo.com	EMAIL	CONVERTED	2025-12-27 13:04:00.031	2026-01-09 10:33:30.380886	\N
e913a124-c739-4aa8-90a5-349d505caaa6	51bd627c-114e-4cef-acb9-eac19127981a	+17422079530	WHATSAPP	CONVERTED	2025-12-25 22:25:01.047	2026-01-09 10:33:30.385036	\N
c958865b-7711-4910-a02d-5ba8871b23f2	e250b201-188f-482b-b411-80df58f1c1eb	jordan.wilson100@outlook.com	EMAIL	CONVERTED	2025-12-19 17:07:57.297	2026-01-09 10:33:30.388794	\N
ebc6531c-8e13-4689-9ea1-aa6bb2c58638	3896cde4-9149-439e-bf26-a2148dac4464	alex.jones375@hotmail.com	EMAIL	PENDING	2025-12-30 22:20:25.978	2026-01-09 10:33:30.392077	\N
e2c284ae-e31b-4a69-b70d-ddcc1475ed6a	e250b201-188f-482b-b411-80df58f1c1eb	+12964093744	WHATSAPP	NOTIFIED	2025-12-11 01:44:35.677	2026-01-09 10:33:30.395283	\N
fe8d3d8a-6e3c-4590-aea6-d54fa0f492c9	9295882a-d9ab-4eb4-9419-a38bd4f50722	+16238634502	WHATSAPP	PENDING	2025-12-11 07:08:11.902	2026-01-09 10:33:30.399165	\N
df64f1d9-2e33-4c75-8df5-cdc2c8f4a62a	280d7c0a-6e5a-4d5d-a026-189691c61be1	cameron.johnson34@outlook.com	EMAIL	NOTIFIED	2025-12-22 01:12:32.83	2026-01-09 10:33:30.402745	\N
e2a78df2-c035-4549-afdb-15699b79a98f	736b78c1-7f3b-4356-81d6-c898cf73cc3c	skyler.smith525@icloud.com	EMAIL	CONVERTED	2025-12-18 22:02:51.897	2026-01-09 10:33:30.405882	\N
6a2b1a1d-86bd-40e8-a12f-aff670a92566	9295882a-d9ab-4eb4-9419-a38bd4f50722	+14546424851	WHATSAPP	PENDING	2025-12-23 22:00:20.761	2026-01-09 10:33:30.408824	\N
47dd59cf-4a13-422b-a208-b245560d60c1	9295882a-d9ab-4eb4-9419-a38bd4f50722	+15134905952	WHATSAPP	NOTIFIED	2025-12-24 10:48:14.871	2026-01-09 10:33:30.411764	\N
21191f63-cb67-4c0e-abbb-7675d241363a	e250b201-188f-482b-b411-80df58f1c1eb	morgan.taylor473@yahoo.com	EMAIL	PENDING	2025-12-25 06:12:41.079	2026-01-09 10:33:30.41505	\N
327c020f-9c11-471e-8196-707ff070663c	95a3aa8b-38e4-42bf-833c-3b484955f22a	+13913012716	WHATSAPP	PENDING	2025-12-26 15:04:58.009	2026-01-09 10:33:30.418545	\N
010c4b65-eaba-4615-a254-73be2c1e3a98	439c6ecf-af32-4e43-b802-421b5c17a527	+18468226874	WHATSAPP	NOTIFIED	2026-01-03 01:57:38.67	2026-01-09 10:33:30.421715	\N
bc92acb4-7caa-420a-838a-86c1843d32fb	34eb7fff-0788-4d64-89d3-fc887f951036	+12759504099	WHATSAPP	NOTIFIED	2025-12-28 11:27:24.191	2026-01-09 10:33:30.424684	\N
9293e89e-afbe-49ac-9d20-9b76d25c998b	3896cde4-9149-439e-bf26-a2148dac4464	+11364448442	WHATSAPP	PENDING	2025-12-31 16:16:30.028	2026-01-09 10:33:30.427551	\N
607160d2-6340-48bd-9bc6-90279e1d6e73	fa32f2f5-ca72-4a09-b9df-754961e796bd	skyler.jones225@icloud.com	EMAIL	PENDING	2025-12-26 18:00:34.681	2026-01-09 10:33:30.430694	\N
ac6bdee9-798c-44d3-b6cc-52727185300e	e250b201-188f-482b-b411-80df58f1c1eb	alex.jones509@yahoo.com	EMAIL	NOTIFIED	2025-12-19 04:42:43.924	2026-01-09 10:33:30.433956	\N
07c6261a-0344-4c1d-8b93-e542e6e472b1	3896cde4-9149-439e-bf26-a2148dac4464	+13707797869	WHATSAPP	PENDING	2025-12-26 06:27:32.071	2026-01-09 10:33:30.437251	\N
a9c891c2-5aec-493c-a577-01028db251ce	a110662b-c33a-448a-ad11-29e8c63a2a42	river.wilson873@yahoo.com	EMAIL	NOTIFIED	2025-12-24 15:24:28.904	2026-01-09 10:33:30.440453	\N
294c30a6-b2f5-41ae-ac44-287d84b49ef3	51bd627c-114e-4cef-acb9-eac19127981a	sam.davis74@outlook.com	EMAIL	NOTIFIED	2025-12-10 11:30:45	2026-01-09 10:33:30.443598	\N
0e881ff8-96a7-4379-8bbf-8051f3256662	280d7c0a-6e5a-4d5d-a026-189691c61be1	blake.martinez852@yahoo.com	EMAIL	NOTIFIED	2025-12-21 12:30:37.21	2026-01-09 10:33:30.447606	\N
60363226-386a-4cef-aed0-017c750fd8be	34eb7fff-0788-4d64-89d3-fc887f951036	skyler.wilson344@gmail.com	EMAIL	CONVERTED	2025-12-25 01:19:37.851	2026-01-09 10:33:30.45115	\N
1229e6e9-e0dc-499d-804f-6a238087ee61	34eb7fff-0788-4d64-89d3-fc887f951036	blake.rodriguez717@hotmail.com	EMAIL	NOTIFIED	2025-12-28 00:45:35.197	2026-01-09 10:33:30.454129	\N
935b202f-68e4-42dc-80dc-1f0a70e39ea1	fa32f2f5-ca72-4a09-b9df-754961e796bd	sam.jones254@gmail.com	EMAIL	PENDING	2025-12-11 05:25:30.889	2026-01-09 10:33:30.456991	\N
01c3e5cb-9ad7-4757-9f35-771587a52341	fa32f2f5-ca72-4a09-b9df-754961e796bd	riley.hernandez696@gmail.com	EMAIL	NOTIFIED	2025-12-25 15:07:50.292	2026-01-09 10:33:30.460596	\N
c6aed4ee-1cea-4471-ba9b-b5f7b45ac58f	e250b201-188f-482b-b411-80df58f1c1eb	river.williams869@yahoo.com	EMAIL	PENDING	2025-12-29 12:00:41.785	2026-01-09 10:33:30.465214	\N
d25797f1-536d-41d3-9007-2c1ceabe97fe	95a3aa8b-38e4-42bf-833c-3b484955f22a	dakota.johnson965@outlook.com	EMAIL	CONVERTED	2025-12-31 07:20:11.104	2026-01-09 10:33:30.468786	\N
f52ce9fe-7e8b-413e-8724-40fae80e85b3	51bd627c-114e-4cef-acb9-eac19127981a	+18931218291	WHATSAPP	CONVERTED	2025-12-21 14:51:27.956	2026-01-09 10:33:30.471732	\N
74a7f6d2-f94e-4dc4-8d44-0227f0fc535e	51bd627c-114e-4cef-acb9-eac19127981a	alex.lopez873@icloud.com	EMAIL	NOTIFIED	2025-12-24 07:38:15.953	2026-01-09 10:33:30.475755	\N
f964ca30-e640-43ce-b044-8606b3ffcdf5	fa32f2f5-ca72-4a09-b9df-754961e796bd	casey.garcia263@yahoo.com	EMAIL	PENDING	2026-01-02 09:12:47.269	2026-01-09 10:33:30.479259	\N
a65f3bf6-edeb-4665-b411-a420cd938679	280d7c0a-6e5a-4d5d-a026-189691c61be1	jordan.martinez156@gmail.com	EMAIL	PENDING	2026-01-05 04:17:31.037	2026-01-09 10:33:30.482274	\N
ac4f298e-0fa0-4081-950b-0a177fdf7222	280d7c0a-6e5a-4d5d-a026-189691c61be1	+15996973043	WHATSAPP	CONVERTED	2025-12-20 17:19:23.05	2026-01-09 10:33:30.48577	\N
6f01bb41-ca41-4825-9b5a-ca3bd99a2602	95a3aa8b-38e4-42bf-833c-3b484955f22a	+14845908743	WHATSAPP	PENDING	2025-12-18 04:58:34.222	2026-01-09 10:33:30.488831	\N
9b7fb60e-a6e1-4759-ae3d-227ce5ca93b7	34eb7fff-0788-4d64-89d3-fc887f951036	sam.hernandez486@gmail.com	EMAIL	PENDING	2025-12-12 05:10:37.606	2026-01-09 10:33:30.493808	\N
af83d527-38b2-480b-b690-6ddb89bea19d	38912859-f403-4ecf-9243-4a397d54a540	+13642450130	WHATSAPP	CONVERTED	2025-12-20 07:04:37.493	2026-01-09 10:33:30.497223	\N
087bff74-04a7-4889-a502-decbf8cfca8b	9295882a-d9ab-4eb4-9419-a38bd4f50722	+18589889728	WHATSAPP	PENDING	2025-12-28 11:39:54.474	2026-01-09 10:33:30.50107	\N
e996e7f8-6c81-4150-b3a1-70c653cc7c98	3896cde4-9149-439e-bf26-a2148dac4464	+19472949687	WHATSAPP	NOTIFIED	2025-12-11 01:44:53.967	2026-01-09 10:33:30.50502	\N
3d2740fe-e66f-49e6-bfc8-048af99d0898	a110662b-c33a-448a-ad11-29e8c63a2a42	sam.taylor848@yahoo.com	EMAIL	PENDING	2025-12-13 03:08:14.175	2026-01-09 10:33:30.508889	\N
d6240232-d1d6-4d97-a4d1-a655a6243c51	38912859-f403-4ecf-9243-4a397d54a540	avery.smith437@icloud.com	EMAIL	NOTIFIED	2025-12-13 04:39:01.857	2026-01-09 10:33:30.511982	\N
9fc26759-febc-4861-95ae-c4b539267055	439c6ecf-af32-4e43-b802-421b5c17a527	casey.anderson124@hotmail.com	EMAIL	PENDING	2025-12-11 06:08:40.704	2026-01-09 10:33:30.514943	\N
83001c70-0e29-4490-be63-60e2c7a43758	439c6ecf-af32-4e43-b802-421b5c17a527	+18241405666	WHATSAPP	PENDING	2025-12-29 05:26:53.918	2026-01-09 10:33:30.518339	\N
41b187db-3c27-435b-804e-82ea111b81d9	fa32f2f5-ca72-4a09-b9df-754961e796bd	sam.garcia786@yahoo.com	EMAIL	CONVERTED	2025-12-20 20:32:45.825	2026-01-09 10:33:30.522616	\N
c1933053-d261-4d8d-9a8f-46651602b189	3896cde4-9149-439e-bf26-a2148dac4464	+14389176786	WHATSAPP	PENDING	2025-12-29 00:23:58.708	2026-01-09 10:33:30.526647	\N
0cf76984-2408-4ab8-9b57-33c69cc9c188	9295882a-d9ab-4eb4-9419-a38bd4f50722	+11007608097	WHATSAPP	NOTIFIED	2026-01-07 02:39:36.017	2026-01-09 10:33:30.530156	\N
8dc5dce6-6220-4a79-8127-62eabc0adb6c	9295882a-d9ab-4eb4-9419-a38bd4f50722	dakota.anderson532@outlook.com	EMAIL	PENDING	2026-01-08 06:05:22.495	2026-01-09 10:33:30.533358	\N
198fe92b-4c3d-4fec-a822-9f3b36911df3	e250b201-188f-482b-b411-80df58f1c1eb	cameron.miller362@yahoo.com	EMAIL	PENDING	2025-12-19 06:19:00.807	2026-01-09 10:33:30.536727	\N
d7e6854a-2e4d-4dec-a0c2-eda7f160b21e	9295882a-d9ab-4eb4-9419-a38bd4f50722	riley.johnson464@hotmail.com	EMAIL	CONVERTED	2025-12-15 21:37:25.685	2026-01-09 10:33:30.539706	\N
a429ca60-3d67-4729-be6f-63fa30d24b25	95a3aa8b-38e4-42bf-833c-3b484955f22a	river.rodriguez236@outlook.com	EMAIL	PENDING	2025-12-23 02:01:58.746	2026-01-09 10:33:30.54272	\N
4a8fff08-a3e9-4f24-8eba-35d070b6ba0f	325b7448-79df-436e-870d-c1bd536936b7	alex.martinez58@gmail.com	EMAIL	CONVERTED	2025-12-12 00:10:42.574	2026-01-09 10:33:30.545712	\N
b65f0399-ded1-4688-8081-b83d0b3fea0e	51bd627c-114e-4cef-acb9-eac19127981a	river.jones233@yahoo.com	EMAIL	PENDING	2025-12-27 21:54:59.095	2026-01-09 10:33:30.552715	\N
88cf0041-9df4-415a-b01c-96b5be658fb8	fa32f2f5-ca72-4a09-b9df-754961e796bd	jordan.martinez612@gmail.com	EMAIL	NOTIFIED	2025-12-17 19:36:24.708	2026-01-09 10:33:30.556227	\N
b25fe40e-da47-41de-be82-560d0b4e1336	439c6ecf-af32-4e43-b802-421b5c17a527	avery.wilson127@icloud.com	EMAIL	PENDING	2025-12-30 07:31:43.308	2026-01-09 10:33:30.559313	\N
8fd0637f-9c8a-4537-a02d-73315c92b54b	9295882a-d9ab-4eb4-9419-a38bd4f50722	+15089913299	WHATSAPP	CONVERTED	2025-12-28 08:32:39.888	2026-01-09 10:33:30.563904	\N
5f2c4f92-5c77-49cb-a08c-b92388c95bda	439c6ecf-af32-4e43-b802-421b5c17a527	+13808591449	WHATSAPP	CONVERTED	2026-01-08 05:09:07.083	2026-01-09 10:33:30.567658	\N
c6fd068c-bba5-4348-9c72-0f093f9dc816	280d7c0a-6e5a-4d5d-a026-189691c61be1	+15699702544	WHATSAPP	NOTIFIED	2025-12-15 23:32:20.978	2026-01-09 10:33:30.570851	\N
e261902c-3886-4075-abf5-8b188876ecd6	280d7c0a-6e5a-4d5d-a026-189691c61be1	+17118821358	WHATSAPP	PENDING	2026-01-04 14:57:34.385	2026-01-09 10:33:30.573839	\N
a6a7c173-2c39-4e05-af75-985c431a8d10	3896cde4-9149-439e-bf26-a2148dac4464	quinn.miller109@gmail.com	EMAIL	PENDING	2025-12-21 04:37:51.22	2026-01-09 10:33:30.579508	\N
87363251-dbe4-4b09-9529-d8c30165b313	e250b201-188f-482b-b411-80df58f1c1eb	+13958488305	WHATSAPP	CONVERTED	2025-12-24 06:38:40.786	2026-01-09 10:33:30.583125	\N
5f40d251-37be-4b0a-9fd9-5552477337a6	38912859-f403-4ecf-9243-4a397d54a540	morgan.wilson730@gmail.com	EMAIL	NOTIFIED	2026-01-02 23:39:11.229	2026-01-09 14:08:41.900193	2026-01-09 14:08:41.894
40f8c4fb-7b28-46b0-9faf-4627185c8bc4	38912859-f403-4ecf-9243-4a397d54a540	taylor.garcia157@gmail.com	EMAIL	NOTIFIED	2025-12-22 02:15:56.807	2026-01-09 15:00:01.214193	2026-01-09 15:00:01.207
b6042f74-2c8a-40d8-9dc2-6ee219ca4369	280d7c0a-6e5a-4d5d-a026-189691c61be1	sam.johnson382@yahoo.com	EMAIL	NOTIFIED	2026-01-02 06:14:46.604	2026-01-09 10:33:30.590241	\N
b2d10d7f-8a4b-441c-b7e6-68ae4f9bef15	9295882a-d9ab-4eb4-9419-a38bd4f50722	+19483912791	WHATSAPP	CONVERTED	2026-01-07 15:47:01.922	2026-01-09 10:33:30.596248	\N
d3d142f2-e46f-45fa-89f0-1cd8812587af	439c6ecf-af32-4e43-b802-421b5c17a527	+17086540927	WHATSAPP	PENDING	2025-12-12 07:23:19.782	2026-01-09 10:33:30.599582	\N
268b6c94-f78a-402a-ac77-4c139505d3af	fa32f2f5-ca72-4a09-b9df-754961e796bd	riley.miller784@yahoo.com	EMAIL	PENDING	2026-01-06 05:02:21.225	2026-01-09 10:33:30.602884	\N
661beff2-4e10-433e-89ec-42a34efe7807	325b7448-79df-436e-870d-c1bd536936b7	river.martinez438@outlook.com	EMAIL	NOTIFIED	2026-01-03 05:33:06.146	2026-01-09 10:33:30.605823	\N
c4b1b576-0929-4f6f-badb-1b0c4fc471a2	38912859-f403-4ecf-9243-4a397d54a540	jordan.brown129@outlook.com	EMAIL	NOTIFIED	2025-12-17 04:49:24.331	2026-01-09 10:33:30.608658	\N
c7f456f0-9c80-46fe-ae7d-c11c4cbf6733	95a3aa8b-38e4-42bf-833c-3b484955f22a	+18456704468	WHATSAPP	PENDING	2026-01-08 19:52:15.74	2026-01-09 10:33:30.611537	\N
a3a75062-7262-4884-9caa-1197b5f489ea	280d7c0a-6e5a-4d5d-a026-189691c61be1	jamie.wilson766@hotmail.com	EMAIL	NOTIFIED	2025-12-21 00:21:41.976	2026-01-09 10:33:30.614851	\N
66d8e93d-7704-4fe7-8c1f-2a847ab80a7f	439c6ecf-af32-4e43-b802-421b5c17a527	jamie.garcia666@gmail.com	EMAIL	PENDING	2025-12-19 11:21:51.887	2026-01-09 10:33:30.618036	\N
bc911593-a7bf-489c-ada1-a69259a45e59	38912859-f403-4ecf-9243-4a397d54a540	riley.williams586@yahoo.com	EMAIL	NOTIFIED	2025-12-19 09:47:55.214	2026-01-09 10:33:30.620995	\N
76718ac6-f7f4-4292-aa1d-af80a0380185	280d7c0a-6e5a-4d5d-a026-189691c61be1	jordan.williams155@outlook.com	EMAIL	CONVERTED	2025-12-23 04:23:06.544	2026-01-09 10:33:30.623933	\N
b0d5ebef-fe7b-449f-bd75-7f67e43e6fdc	9295882a-d9ab-4eb4-9419-a38bd4f50722	sam.brown230@gmail.com	EMAIL	NOTIFIED	2025-12-21 15:47:48.967	2026-01-09 10:33:30.62678	\N
817896e0-8a12-4d24-a41a-15ee836af95f	fa32f2f5-ca72-4a09-b9df-754961e796bd	jamie.wilson101@yahoo.com	EMAIL	NOTIFIED	2026-01-07 19:42:48.235	2026-01-09 13:01:52.228819	2026-01-09 13:01:52.223
2181ba01-4fbd-4544-b6b1-3b106cc0603e	38912859-f403-4ecf-9243-4a397d54a540	+16241414939	WHATSAPP	NOTIFIED	2026-01-08 00:32:31.998	2026-01-09 14:02:10.914177	2026-01-09 14:02:10.907
c3b290cd-fe9b-4190-8343-d412d44f3310	38912859-f403-4ecf-9243-4a397d54a540	+11042008299	WHATSAPP	NOTIFIED	2025-12-13 06:06:10.129	2026-01-09 15:00:43.792011	2026-01-09 15:00:43.789
\.


--
-- Data for Name: migrations; Type: TABLE DATA; Schema: public; Owner: -
--

COPY public.migrations (id, "timestamp", name) FROM stdin;
1	1767941737576	InitialMigration1767941737576
2	1767942000000	AddNotifiedAtField1767942000000
3	1767942100000	CreateShopSettings1767942100000
4	1767942200000	CreateShopPlans1767942200000
5	1767942300000	UpdateShopsForOAuth1767942300000
\.


--
-- Data for Name: order_attributions; Type: TABLE DATA; Schema: public; Owner: -
--

COPY public.order_attributions (id, order_id, shop_id, recovery_link_id, revenue, created_at) FROM stdin;
2ab14601-6e77-4eb6-8c47-9ab241374157	order_fb64aadc4f2516b7	156788d1-fe05-4521-8f9f-125598755059	d83441b6-4432-4d44-bcbb-bdbe2effa919	329.68	2026-01-05 20:41:30.909
61f3dc66-060c-4b06-8568-5c14ae6a0cd9	order_57908bb9cff37418	156788d1-fe05-4521-8f9f-125598755059	b7b83c2e-47c8-4dce-8e49-40b2ea1a2fb3	163.49	2026-01-06 03:28:12.526
f864cad8-b8af-4434-81c0-927f2250094d	order_bcf0cb6c34230df5	156788d1-fe05-4521-8f9f-125598755059	0db46198-de63-4928-a2dd-4e131438d2a8	409.14	2026-01-08 12:05:19.445
4558ead7-8917-4e58-9a8f-5584d5faeebb	order_9ab4e3304e5ba439	156788d1-fe05-4521-8f9f-125598755059	9de4e129-c1bc-4c12-9695-75bf75fb5992	276.32	2026-01-07 17:50:06.433
de2dc1b4-be21-49d6-96f2-4783c72383d6	order_42f63303d4945711	156788d1-fe05-4521-8f9f-125598755059	4eac815c-5cf0-4d4f-8023-6cac5c0c5277	333.94	2026-01-05 03:12:24.544
42ee3524-71fd-4fb8-aaa6-a9a0e07d5791	order_b7deed83a7843f3e	156788d1-fe05-4521-8f9f-125598755059	78896ec2-e413-4642-95df-87744cd36182	512.31	2026-01-06 09:05:31.877
ef2334fa-fd04-4ae5-81ba-388e7638b892	order_c66f532760280ce0	156788d1-fe05-4521-8f9f-125598755059	432462f0-dbce-4d25-9f00-5d429423c0b5	135.71	2026-01-05 15:12:12.43
2df21865-f9aa-42b3-ac81-c8a6cf6f29e5	order_0dbba72e5c410f81	156788d1-fe05-4521-8f9f-125598755059	21d61c0f-b6b3-4398-b18b-c9158c429aeb	117.59	2026-01-07 07:09:48.837
e22c5730-737e-4a25-bfd5-6edbcc989297	order_39d5d1d4e9f0fc66	156788d1-fe05-4521-8f9f-125598755059	ebb33a89-9dc0-4825-866c-db6a568545e0	185.02	2026-01-03 07:03:52.192
\.


--
-- Data for Name: products; Type: TABLE DATA; Schema: public; Owner: -
--

COPY public.products (id, shop_id, shopify_product_id, title, image_url, created_at, updated_at) FROM stdin;
67a06218-fe7d-4d2e-9cd9-333c1df83845	156788d1-fe05-4521-8f9f-125598755059	prod_1	Premium Wireless Headphones	https://images.unsplash.com/photo-1505740420928-5e560c06d30e?w=400	2026-01-09 10:33:30.227147	2026-01-09 10:33:30.227147
bbb467e5-48d6-4b52-8525-af0e2b9df6dc	156788d1-fe05-4521-8f9f-125598755059	prod_2	Classic Leather Jacket	https://images.unsplash.com/photo-1551028719-00167b16eac5?w=400	2026-01-09 10:33:30.255708	2026-01-09 10:33:30.255708
8f5dbdc3-92e2-4599-bc43-d3c05f626eaa	156788d1-fe05-4521-8f9f-125598755059	prod_3	Smart Fitness Watch	https://images.unsplash.com/photo-1523275335684-37898b6baf30?w=400	2026-01-09 10:33:30.271421	2026-01-09 10:33:30.271421
baf0a3ba-dbd9-47b2-b812-2faee7bc7f4f	156788d1-fe05-4521-8f9f-125598755059	prod_4	Minimalist Backpack	https://images.unsplash.com/photo-1553062407-98eeb64c6a62?w=400	2026-01-09 10:33:30.291524	2026-01-09 10:33:30.291524
9bcddb2a-70f0-43d5-8d70-c47a4981fc0b	156788d1-fe05-4521-8f9f-125598755059	prod_5	Organic Coffee Beans	https://images.unsplash.com/photo-1559056199-641a0ac8b55e?w=400	2026-01-09 10:33:30.304514	2026-01-09 10:33:30.304514
\.


--
-- Data for Name: recovery_links; Type: TABLE DATA; Schema: public; Owner: -
--

COPY public.recovery_links (id, demand_request_id, token, expires_at, created_at) FROM stdin;
c65ea70e-c003-4160-a70d-d11b90e213b7	88297374-91db-474a-a3c1-4fdda0dec09e	76fe9e9d34eb1d6bbe8dc5c2d39c1c32c3762b3138b637e79d93ec691492002e	2026-01-16 10:33:30.629	2026-01-09 10:33:30.630711
b7b83c2e-47c8-4dce-8e49-40b2ea1a2fb3	70e60b6d-637e-42cd-a273-5beaad08090e	34540d41660d52b354f3911cf711863a906579800fa84aa9bba941dc3574d8e0	2026-01-16 10:33:30.634	2026-01-09 10:33:30.635231
fc4f2af7-154b-4dbc-8abc-5d337535ec2a	4482b26a-0024-4250-b4a4-ff852c2a0e91	0bc9bf7ee09f12c3589393c42d0cc0fe183f1724fd66cfda8e34d73b66b3e442	2026-01-16 10:33:30.637	2026-01-09 10:33:30.638318
9de4e129-c1bc-4c12-9695-75bf75fb5992	1924f1c4-71bc-4769-becb-d62cbb0c0f7a	5db629927bf9028c09f5d8e3883a6450e0e29b0f5a6ac59b55f814a10b169384	2026-01-16 10:33:30.64	2026-01-09 10:33:30.641277
b0587cc6-396c-455d-975a-971aaedde2c1	f8afc72f-4715-4dfe-a973-afc1f5cfb142	b81c12fdb8623574f89e71088d2311be95e3f95bf5857e924e628415ac977c12	2026-01-16 10:33:30.642	2026-01-09 10:33:30.644158
2c5085f5-b798-4b48-ae47-f3fe762779b2	bf9b539f-ccf1-4f23-8c83-4367932af1cb	dfc2819d38014040d989d75b77516122ee14acc5feed19c6824346e4d45b63b2	2026-01-16 10:33:30.646	2026-01-09 10:33:30.648164
8e20768d-b65f-4151-a8cb-b72196357d3c	22be32d4-b2fe-42cf-8cec-5c74b5710c60	0dc231932553a66a9a5a53f971df6ec63d56f70c86426bb2f3655d3a27c724c9	2026-01-16 10:33:30.655	2026-01-09 10:33:30.656416
67845e2d-a432-4f92-89f5-cf4a89ee1b1c	a6b31981-22c7-4d31-884f-7f0c1b1c7e00	0f7ac491d52a8de1886dd799e17678a63328f15fd143a7eb67d374b1787613a8	2026-01-16 10:33:30.658	2026-01-09 10:33:30.660124
4eac815c-5cf0-4d4f-8023-6cac5c0c5277	7093e116-1546-4e1a-8f5e-adc1a0e01b79	522742a32473aa68185fab54fa52f36b530d19ae54544f16582dda06103004d4	2026-01-16 10:33:30.663	2026-01-09 10:33:30.665137
1f88596e-4775-4850-b1ea-4157d7cdb719	eed6ff4b-9212-44b8-a7bd-ef570c7fade8	20d03039659f3e904e913a3aebaa0f300f375ed32de7d24ee1e6a7f0a9ec5f2e	2026-01-16 10:33:30.668	2026-01-09 10:33:30.669372
0e08e537-a279-4265-a894-68715e80a930	e913a124-c739-4aa8-90a5-349d505caaa6	c3b0e26ae558db087d6fbd415c290fea1ce96ae13a94a9bd6961780fd17f6abf	2026-01-16 10:33:30.672	2026-01-09 10:33:30.673902
94ca1cb3-bc33-4e04-8ed4-0770e5896f7c	c958865b-7711-4910-a02d-5ba8871b23f2	8e0283e85ac6dd7e1a7f90333ac2c7756ee83f8de6b89c38482a62f7c071a50f	2026-01-16 10:33:30.677	2026-01-09 10:33:30.678435
4c41a027-4dc2-41c8-a8a0-71c5d73e65aa	e2c284ae-e31b-4a69-b70d-ddcc1475ed6a	5ab2f90c252a8efd798d704d0facc832513d504866917c953addd474a6bfb760	2026-01-16 10:33:30.681	2026-01-09 10:33:30.682848
2342a76b-5652-4a37-a8ea-2536f5c02922	df64f1d9-2e33-4c75-8df5-cdc2c8f4a62a	02e20458493278bb2e20a9b64bf47f4242aa141450dd2ddf288c838a44d29f47	2026-01-16 10:33:30.685	2026-01-09 10:33:30.686666
ebb33a89-9dc0-4825-866c-db6a568545e0	e2a78df2-c035-4549-afdb-15699b79a98f	eac5e7b37733b173f86ae4244b4053ee00a137261d4bcb933ae9573b22639caf	2026-01-16 10:33:30.688	2026-01-09 10:33:30.689715
f91ceefa-85c1-4a49-b175-fb596a86141a	47dd59cf-4a13-422b-a208-b245560d60c1	41013c753ff9b3ade3f771565bbc05968e726f5cede7cdd671eac23aa36472c0	2026-01-16 10:33:30.692	2026-01-09 10:33:30.693962
f6cdd4eb-0da7-4e66-8b9d-732fbef35f06	010c4b65-eaba-4615-a254-73be2c1e3a98	0de05cc7414507f13db7edb9c242f7834cc1e67e3d878594ab9a0314ca736127	2026-01-16 10:33:30.696	2026-01-09 10:33:30.697996
4e103afa-2222-4843-b28b-fcc73a0e4a0b	bc92acb4-7caa-420a-838a-86c1843d32fb	7a88aa8d3897449d8a3124c2e9f2b5b1aebd670a6b98ad7c3c197a029d5f220c	2026-01-16 10:33:30.7	2026-01-09 10:33:30.701726
172a1cc3-fbf7-4311-9140-f2344f13fe39	ac6bdee9-798c-44d3-b6cc-52727185300e	1e7fd946fc77ddbed67a0542d3caf8074e1670dd4004a06dd002ee88d7f5d62c	2026-01-16 10:33:30.703	2026-01-09 10:33:30.704962
4bbc8e61-c27f-4e55-9059-02d8247aafe6	a9c891c2-5aec-493c-a577-01028db251ce	6572d20cc7cfd6c50e30df6d046d838a0799a890a97a5211ffba087c87c60f6a	2026-01-16 10:33:30.707	2026-01-09 10:33:30.708415
c2342a08-c020-4d5f-9748-5880f4092c96	294c30a6-b2f5-41ae-ac44-287d84b49ef3	0a27a8675178072f441cc57d9ecbd87c8255e8da2c5a64ed670d0ad252752d02	2026-01-16 10:33:30.71	2026-01-09 10:33:30.711641
b1157804-11d1-425c-aa08-d4fc4c3aa1c4	0e881ff8-96a7-4379-8bbf-8051f3256662	14ee3d9422af6eded9bbe6ae516b6b5d1c3708eb3d38e7eb851ee0f7aac06b40	2026-01-16 10:33:30.713	2026-01-09 10:33:30.714678
d83441b6-4432-4d44-bcbb-bdbe2effa919	60363226-386a-4cef-aed0-017c750fd8be	a3cd1052eb53fa76b7edda59d0f3c19155446efdfc7bf069450bccdbb1787deb	2026-01-16 10:33:30.717	2026-01-09 10:33:30.718309
2cf2fe72-1eb3-43b5-b3fa-148c6d36c49d	1229e6e9-e0dc-499d-804f-6a238087ee61	de79897f05e8e43cbf9cc9acc008ee2841df7f7a631de3809767fe8f3d1e3405	2026-01-16 10:33:30.72	2026-01-09 10:33:30.721548
783dc18a-c4b1-481c-bf92-0bebd5d8b5e5	01c3e5cb-9ad7-4757-9f35-771587a52341	24a5f91034e215526b668d594518b9ea15426eb096803d788a5c4f1e4bf9452d	2026-01-16 10:33:30.723	2026-01-09 10:33:30.724845
21d61c0f-b6b3-4398-b18b-c9158c429aeb	d25797f1-536d-41d3-9007-2c1ceabe97fe	b83785aa956d0e33a93f0517f163cc5bc3404445166ec472bb0cdb863926969f	2026-01-16 10:33:30.726	2026-01-09 10:33:30.727819
d0e26bf2-1cfe-4742-913e-728de06226d4	f52ce9fe-7e8b-413e-8724-40fae80e85b3	01d8db6f593c1e7d1da74f0422fb26afb4a4073814d578d74174bb995176f096	2026-01-16 10:33:30.729	2026-01-09 10:33:30.730882
9736b28e-77ea-4c2e-9d86-e882aea285ac	74a7f6d2-f94e-4dc4-8d44-0227f0fc535e	772fb5b976fc3d350a0f18ef385a4dd1ded4e528e09c2170faa5510f11e1dac7	2026-01-16 10:33:30.733	2026-01-09 10:33:30.734428
04bfdc70-ee76-4f77-954e-2dc87ce2315b	ac4f298e-0fa0-4081-950b-0a177fdf7222	7d30bdab00355614e99e3a468a31691cb46b9b7d90ab03d533aeaca2840d38ce	2026-01-16 10:33:30.736	2026-01-09 10:33:30.737829
15249ce0-f82f-47b3-8969-7efd660c0163	af83d527-38b2-480b-b690-6ddb89bea19d	618d7836d0681c1f881335edb71cd0e3b7496725c17dcb2f40f4ce635aa61412	2026-01-16 10:33:30.739	2026-01-09 10:33:30.740987
11d6dd0b-6c1d-49b5-82fa-dcc4f61f6dec	e996e7f8-6c81-4150-b3a1-70c653cc7c98	09818ff17e86edca464841e4331c39066e5e952c7af19e3b0a62ae0d874f28d5	2026-01-16 10:33:30.742	2026-01-09 10:33:30.744153
91276e51-a085-4fc9-ba44-6e6b5443060c	d6240232-d1d6-4d97-a4d1-a655a6243c51	71fdd15858f7e3a022b37ab3bcc270cebbc763efd7023d158fec389fed49679a	2026-01-16 10:33:30.746	2026-01-09 10:33:30.747201
239b9ecf-9f5b-425a-9e06-7f4d7ac42e0e	41b187db-3c27-435b-804e-82ea111b81d9	d4d686491b79dfad0b08fccdf59465f63fd4899b7f02211a706f9148dfdd13e4	2026-01-16 10:33:30.749	2026-01-09 10:33:30.750534
5aa02fcc-514a-4bce-85a2-291bd56b23f1	0cf76984-2408-4ab8-9b57-33c69cc9c188	a5cc9119f8b2bc48d06708e1f9fe874acc4e50d3f4d21e11054cf3bfb3b4cf41	2026-01-16 10:33:30.752	2026-01-09 10:33:30.753994
033f4935-1bdf-4e19-8dce-3b3aba701382	d7e6854a-2e4d-4dec-a0c2-eda7f160b21e	84266b4e664b45050610f3fb57b8853bb6cd1133cf0ccc887b9516b721572786	2026-01-16 10:33:30.756	2026-01-09 10:33:30.75819
78896ec2-e413-4642-95df-87744cd36182	4a8fff08-a3e9-4f24-8eba-35d070b6ba0f	b38426d3662c65efaa6e34c096d017618c4e35cd81a1efbf726b11ddcd808869	2026-01-16 10:33:30.76	2026-01-09 10:33:30.7619
93015ef6-af7a-415f-bfff-712f0471fafc	88cf0041-9df4-415a-b01c-96b5be658fb8	29c4d1e13359fcc352f134dc48f577c45a9d918591f690d439adab62557342aa	2026-01-16 10:33:30.763	2026-01-09 10:33:30.765016
99107cd7-4ed2-4c01-8ef2-445c990701f7	8fd0637f-9c8a-4537-a02d-73315c92b54b	97d9a4a8bafab1f6444b40059d11a1744eaf950a961113835fe5f93eb3e64eb9	2026-01-16 10:33:30.767	2026-01-09 10:33:30.768867
bd090815-cfda-4455-a347-4cbc36a80a9f	5f2c4f92-5c77-49cb-a08c-b92388c95bda	322d0f2db399416b5eeeb76a8e6b33401d79dc561fbe55580590b657afbcf75a	2026-01-16 10:33:30.771	2026-01-09 10:33:30.772515
8417ae51-245c-4619-a171-e2621ba802a8	c6fd068c-bba5-4348-9c72-0f093f9dc816	62788d66a896dc362a3b010dbd436bfc01693dc5779867633186a03cd9a0965b	2026-01-16 10:33:30.774	2026-01-09 10:33:30.775647
432462f0-dbce-4d25-9f00-5d429423c0b5	87363251-dbe4-4b09-9529-d8c30165b313	84adceb9184c877dd9dd9da5c293fde5ddad125975ad71fafaeaa297e4e505e1	2026-01-16 10:33:30.777	2026-01-09 10:33:30.778593
21029f52-35cc-4d94-8bc1-cc39436d77e7	b6042f74-2c8a-40d8-9dc2-6ee219ca4369	d2b3b73c40649e2335f367ca6b533cf3825951b62b1dc45fe06cd9defab07d0e	2026-01-16 10:33:30.78	2026-01-09 10:33:30.781581
0db46198-de63-4928-a2dd-4e131438d2a8	b2d10d7f-8a4b-441c-b7e6-68ae4f9bef15	d1fc636d78987ee7b37081ad6363ac0444a5758aeaf63bd946870ba577118f54	2026-01-16 10:33:30.784	2026-01-09 10:33:30.785436
33fdd9c9-ab88-45d6-a707-2cf1a4fd2364	661beff2-4e10-433e-89ec-42a34efe7807	31f33a1ccd8c7cbb1bb1fa0ac612c6a96bb05413ace575cea117c0a0c7a96028	2026-01-16 10:33:30.787	2026-01-09 10:33:30.788608
85b92420-fc5d-41ca-85bf-d37b59169c62	c4b1b576-0929-4f6f-badb-1b0c4fc471a2	eb1e28fa95c426353b134dd1bcb55d76063510168e8f26eea2abf8250e41b7f5	2026-01-16 10:33:30.79	2026-01-09 10:33:30.791595
d97f4989-0bf7-429b-95f9-b860f881b570	a3a75062-7262-4884-9caa-1197b5f489ea	d5df4f13e51ad9562bc45554df971e95867d66ef9adb0bd117892f77b3134fa2	2026-01-16 10:33:30.793	2026-01-09 10:33:30.794602
ad3724f6-482f-4b3b-8e27-6a67491909a1	bc911593-a7bf-489c-ada1-a69259a45e59	12ebe80e630d54b85b138b3464b98dff28d9a4f8fdac0e9053d6d78952336b8b	2026-01-16 10:33:30.796	2026-01-09 10:33:30.797722
2be712d2-8035-46e5-83d1-76e3cedb5c54	76718ac6-f7f4-4292-aa1d-af80a0380185	c1a263b0853db7e3744910cc56761875c08ff07b5452357940287bea025bc984	2026-01-16 10:33:30.8	2026-01-09 10:33:30.801544
d78e3291-31c5-4470-a240-3adce67c1ec1	b0d5ebef-fe7b-449f-bd75-7f67e43e6fdc	6693ac554c46149db6aef8c7fc1b51f7cc24f27089269b3c658abb391f2057a9	2026-01-16 10:33:30.803	2026-01-09 10:33:30.804797
6b16b7b2-ab03-4c06-be10-9ef67c6d2d42	817896e0-8a12-4d24-a41a-15ee836af95f	e4e583cabfaa8f63923c6843e603c23bcdafadd0078e00ac3a4bd16957511e90	2026-01-16 13:01:52.194	2026-01-09 13:01:52.199506
1d2b74b0-04df-48bd-8a32-efc17c05d114	2181ba01-4fbd-4544-b6b1-3b106cc0603e	868ed0bd465258c02d29ad3df352d5b254ea69fcf828ec4d719e1eaafe2b12cd	2026-01-16 14:02:10.857	2026-01-09 14:02:10.86554
f1f6d5e2-72b4-4ab9-83ba-ed8710c53a92	5f40d251-37be-4b0a-9fd9-5552477337a6	302a6b1ebee7df0bd8e40e7e43fa4d60f6f7c72f01d9ccbc389b6275a8ee147d	2026-01-16 14:08:41.879	2026-01-09 14:08:41.879989
d54db7a5-c8ca-4e42-a36c-3b1858b6035d	40f8c4fb-7b28-46b0-9faf-4627185c8bc4	9643bf608bf8aa22d738ff6b2e29194ccbfe8089323538fcbcbc9dc187fad018	2026-01-16 15:00:01.167	2026-01-09 15:00:01.172318
c42f8183-7464-4b96-810a-2cf041c57e27	c3b290cd-fe9b-4190-8343-d412d44f3310	0e71c519f78760978b024fe37842d4747ec4f4db565618bb5961ab38c946a475	2026-01-16 15:00:43.775	2026-01-09 15:00:43.775809
\.


--
-- Data for Name: shop_plans; Type: TABLE DATA; Schema: public; Owner: -
--

COPY public.shop_plans (id, shop_id, plan, monthly_notify_limit, notifications_used_this_month, usage_reset_at, created_at, updated_at) FROM stdin;
e4aa633c-6319-48da-b3c3-f13ccec6fc7f	156788d1-fe05-4521-8f9f-125598755059	FREE	50	0	2025-12-31 19:00:00	2026-01-09 15:56:44.612866	2026-01-09 15:56:44.612866
ed978542-1545-4565-9462-a62f9aa1c977	3cd0bbf0-ae68-4e92-885e-46c808a5ed61	FREE	50	0	2025-12-31 19:00:00	2026-01-09 22:11:55.305192	2026-01-09 22:11:55.305192
\.


--
-- Data for Name: shop_settings; Type: TABLE DATA; Schema: public; Owner: -
--

COPY public.shop_settings (id, shop_id, auto_notify_on_restock, created_at, updated_at) FROM stdin;
ead42a20-640f-4b49-b947-d51369523123	156788d1-fe05-4521-8f9f-125598755059	t	2026-01-09 14:08:21.904264	2026-01-09 14:09:48.557284
394ee33c-4bff-4319-8199-ca58038ba191	3cd0bbf0-ae68-4e92-885e-46c808a5ed61	f	2026-01-09 22:11:55.316383	2026-01-09 22:11:55.316383
\.


--
-- Data for Name: shops; Type: TABLE DATA; Schema: public; Owner: -
--

COPY public.shops (id, "shopifyDomain", access_token, created_at, updated_at, is_active, installed_at) FROM stdin;
156788d1-fe05-4521-8f9f-125598755059	example-store.myshopify.com	encrypted_token_placeholder_a4b63624474cfd135523392b2e87e451	2026-01-09 10:33:30.185816	2026-01-09 10:33:30.185816	t	2026-01-09 10:33:30.185816
3cd0bbf0-ae68-4e92-885e-46c808a5ed61	your-test-store.myshopify.com	dev-token	2026-01-09 22:11:29.125134	2026-01-09 22:11:29.125134	t	2026-01-09 22:11:29.115
\.


--
-- Data for Name: variants; Type: TABLE DATA; Schema: public; Owner: -
--

COPY public.variants (id, product_id, shopify_variant_id, inventory_quantity, created_at, updated_at) FROM stdin;
9295882a-d9ab-4eb4-9419-a38bd4f50722	67a06218-fe7d-4d2e-9cd9-333c1df83845	v1	0	2026-01-09 10:33:30.238535	2026-01-09 10:33:30.238535
736b78c1-7f3b-4356-81d6-c898cf73cc3c	67a06218-fe7d-4d2e-9cd9-333c1df83845	v2	0	2026-01-09 10:33:30.245388	2026-01-09 10:33:30.245388
51bd627c-114e-4cef-acb9-eac19127981a	67a06218-fe7d-4d2e-9cd9-333c1df83845	v3	0	2026-01-09 10:33:30.250221	2026-01-09 10:33:30.250221
3896cde4-9149-439e-bf26-a2148dac4464	bbb467e5-48d6-4b52-8525-af0e2b9df6dc	v4	0	2026-01-09 10:33:30.261208	2026-01-09 10:33:30.261208
e250b201-188f-482b-b411-80df58f1c1eb	bbb467e5-48d6-4b52-8525-af0e2b9df6dc	v5	0	2026-01-09 10:33:30.265153	2026-01-09 10:33:30.265153
95a3aa8b-38e4-42bf-833c-3b484955f22a	8f5dbdc3-92e2-4599-bc43-d3c05f626eaa	v6	0	2026-01-09 10:33:30.277857	2026-01-09 10:33:30.277857
325b7448-79df-436e-870d-c1bd536936b7	8f5dbdc3-92e2-4599-bc43-d3c05f626eaa	v7	0	2026-01-09 10:33:30.282327	2026-01-09 10:33:30.282327
34eb7fff-0788-4d64-89d3-fc887f951036	8f5dbdc3-92e2-4599-bc43-d3c05f626eaa	v8	0	2026-01-09 10:33:30.2869	2026-01-09 10:33:30.2869
a110662b-c33a-448a-ad11-29e8c63a2a42	baf0a3ba-dbd9-47b2-b812-2faee7bc7f4f	v9	0	2026-01-09 10:33:30.296356	2026-01-09 10:33:30.296356
38912859-f403-4ecf-9243-4a397d54a540	baf0a3ba-dbd9-47b2-b812-2faee7bc7f4f	v10	0	2026-01-09 10:33:30.299839	2026-01-09 10:33:30.299839
439c6ecf-af32-4e43-b802-421b5c17a527	9bcddb2a-70f0-43d5-8d70-c47a4981fc0b	v11	0	2026-01-09 10:33:30.308642	2026-01-09 10:33:30.308642
280d7c0a-6e5a-4d5d-a026-189691c61be1	9bcddb2a-70f0-43d5-8d70-c47a4981fc0b	v12	0	2026-01-09 10:33:30.312073	2026-01-09 10:33:30.312073
fa32f2f5-ca72-4a09-b9df-754961e796bd	9bcddb2a-70f0-43d5-8d70-c47a4981fc0b	v13	0	2026-01-09 10:33:30.315498	2026-01-09 10:33:30.315498
\.


--
-- Name: migrations_id_seq; Type: SEQUENCE SET; Schema: public; Owner: -
--

SELECT pg_catalog.setval('public.migrations_id_seq', 5, true);


--
-- Name: products PK_0806c755e0aca124e67c0cf6d7d; Type: CONSTRAINT; Schema: public; Owner: -
--

ALTER TABLE ONLY public.products
    ADD CONSTRAINT "PK_0806c755e0aca124e67c0cf6d7d" PRIMARY KEY (id);


--
-- Name: recovery_links PK_272ddd757e19d9f052f8c8f0da7; Type: CONSTRAINT; Schema: public; Owner: -
--

ALTER TABLE ONLY public.recovery_links
    ADD CONSTRAINT "PK_272ddd757e19d9f052f8c8f0da7" PRIMARY KEY (id);


--
-- Name: shops PK_3c6aaa6607d287de99815e60b96; Type: CONSTRAINT; Schema: public; Owner: -
--

ALTER TABLE ONLY public.shops
    ADD CONSTRAINT "PK_3c6aaa6607d287de99815e60b96" PRIMARY KEY (id);


--
-- Name: variants PK_672d13d1a6de0197f20c6babb5e; Type: CONSTRAINT; Schema: public; Owner: -
--

ALTER TABLE ONLY public.variants
    ADD CONSTRAINT "PK_672d13d1a6de0197f20c6babb5e" PRIMARY KEY (id);


--
-- Name: shop_plans PK_678e7e830bc8e52153b3f372d5b; Type: CONSTRAINT; Schema: public; Owner: -
--

ALTER TABLE ONLY public.shop_plans
    ADD CONSTRAINT "PK_678e7e830bc8e52153b3f372d5b" PRIMARY KEY (id);


--
-- Name: migrations PK_8c82d7f526340ab734260ea46be; Type: CONSTRAINT; Schema: public; Owner: -
--

ALTER TABLE ONLY public.migrations
    ADD CONSTRAINT "PK_8c82d7f526340ab734260ea46be" PRIMARY KEY (id);


--
-- Name: shop_settings PK_96c0aa2a327de09ebe0fd54ae5a; Type: CONSTRAINT; Schema: public; Owner: -
--

ALTER TABLE ONLY public.shop_settings
    ADD CONSTRAINT "PK_96c0aa2a327de09ebe0fd54ae5a" PRIMARY KEY (id);


--
-- Name: order_attributions PK_b5a425d7e293dc57a19ae886762; Type: CONSTRAINT; Schema: public; Owner: -
--

ALTER TABLE ONLY public.order_attributions
    ADD CONSTRAINT "PK_b5a425d7e293dc57a19ae886762" PRIMARY KEY (id);


--
-- Name: demand_requests PK_f74cf5b027c2ef3a14cf50661e3; Type: CONSTRAINT; Schema: public; Owner: -
--

ALTER TABLE ONLY public.demand_requests
    ADD CONSTRAINT "PK_f74cf5b027c2ef3a14cf50661e3" PRIMARY KEY (id);


--
-- Name: order_attributions UQ_0f50234e320ab7776e674d14a7a; Type: CONSTRAINT; Schema: public; Owner: -
--

ALTER TABLE ONLY public.order_attributions
    ADD CONSTRAINT "UQ_0f50234e320ab7776e674d14a7a" UNIQUE (order_id);


--
-- Name: recovery_links UQ_14ac80cf247b584608850551df8; Type: CONSTRAINT; Schema: public; Owner: -
--

ALTER TABLE ONLY public.recovery_links
    ADD CONSTRAINT "UQ_14ac80cf247b584608850551df8" UNIQUE (token);


--
-- Name: shop_plans UQ_1cd355e99a2f1e5b74646539aed; Type: CONSTRAINT; Schema: public; Owner: -
--

ALTER TABLE ONLY public.shop_plans
    ADD CONSTRAINT "UQ_1cd355e99a2f1e5b74646539aed" UNIQUE (shop_id);


--
-- Name: products UQ_3f16f24f1b961af087fe188b543; Type: CONSTRAINT; Schema: public; Owner: -
--

ALTER TABLE ONLY public.products
    ADD CONSTRAINT "UQ_3f16f24f1b961af087fe188b543" UNIQUE (shopify_product_id);


--
-- Name: variants UQ_be8d64998f003af34cee2ffa2de; Type: CONSTRAINT; Schema: public; Owner: -
--

ALTER TABLE ONLY public.variants
    ADD CONSTRAINT "UQ_be8d64998f003af34cee2ffa2de" UNIQUE (shopify_variant_id);


--
-- Name: shops UQ_c954fbd6f494006fa3fd30c48bb; Type: CONSTRAINT; Schema: public; Owner: -
--

ALTER TABLE ONLY public.shops
    ADD CONSTRAINT "UQ_c954fbd6f494006fa3fd30c48bb" UNIQUE ("shopifyDomain");


--
-- Name: shop_settings UQ_f6d44f4d4f683c81ae7d24b2426; Type: CONSTRAINT; Schema: public; Owner: -
--

ALTER TABLE ONLY public.shop_settings
    ADD CONSTRAINT "UQ_f6d44f4d4f683c81ae7d24b2426" UNIQUE (shop_id);


--
-- Name: IDX_14ac80cf247b584608850551df; Type: INDEX; Schema: public; Owner: -
--

CREATE INDEX "IDX_14ac80cf247b584608850551df" ON public.recovery_links USING btree (token);


--
-- Name: IDX_7df7e0ea8a32f90b53e83b7bbe; Type: INDEX; Schema: public; Owner: -
--

CREATE INDEX "IDX_7df7e0ea8a32f90b53e83b7bbe" ON public.order_attributions USING btree (recovery_link_id);


--
-- Name: IDX_84121f66b819dbcd1c5a8bcca3; Type: INDEX; Schema: public; Owner: -
--

CREATE INDEX "IDX_84121f66b819dbcd1c5a8bcca3" ON public.demand_requests USING btree (variant_id);


--
-- Name: IDX_9e952e93f369f16e27dd786c33; Type: INDEX; Schema: public; Owner: -
--

CREATE INDEX "IDX_9e952e93f369f16e27dd786c33" ON public.products USING btree (shop_id);


--
-- Name: IDX_a9625f5484e6b6941d401ec101; Type: INDEX; Schema: public; Owner: -
--

CREATE INDEX "IDX_a9625f5484e6b6941d401ec101" ON public.variants USING btree (product_id);


--
-- Name: IDX_c529fc01765c17c379c79749f1; Type: INDEX; Schema: public; Owner: -
--

CREATE INDEX "IDX_c529fc01765c17c379c79749f1" ON public.order_attributions USING btree (shop_id);


--
-- Name: IDX_d9dd89a63fdda18b81749fe8d0; Type: INDEX; Schema: public; Owner: -
--

CREATE INDEX "IDX_d9dd89a63fdda18b81749fe8d0" ON public.recovery_links USING btree (demand_request_id);


--
-- Name: IDX_shop_plans_shop_id; Type: INDEX; Schema: public; Owner: -
--

CREATE UNIQUE INDEX "IDX_shop_plans_shop_id" ON public.shop_plans USING btree (shop_id);


--
-- Name: IDX_shop_settings_shop_id; Type: INDEX; Schema: public; Owner: -
--

CREATE INDEX "IDX_shop_settings_shop_id" ON public.shop_settings USING btree (shop_id);


--
-- Name: order_attributions FK_7df7e0ea8a32f90b53e83b7bbe5; Type: FK CONSTRAINT; Schema: public; Owner: -
--

ALTER TABLE ONLY public.order_attributions
    ADD CONSTRAINT "FK_7df7e0ea8a32f90b53e83b7bbe5" FOREIGN KEY (recovery_link_id) REFERENCES public.recovery_links(id) ON DELETE SET NULL;


--
-- Name: demand_requests FK_84121f66b819dbcd1c5a8bcca39; Type: FK CONSTRAINT; Schema: public; Owner: -
--

ALTER TABLE ONLY public.demand_requests
    ADD CONSTRAINT "FK_84121f66b819dbcd1c5a8bcca39" FOREIGN KEY (variant_id) REFERENCES public.variants(id) ON DELETE CASCADE;


--
-- Name: products FK_9e952e93f369f16e27dd786c33f; Type: FK CONSTRAINT; Schema: public; Owner: -
--

ALTER TABLE ONLY public.products
    ADD CONSTRAINT "FK_9e952e93f369f16e27dd786c33f" FOREIGN KEY (shop_id) REFERENCES public.shops(id) ON DELETE CASCADE;


--
-- Name: variants FK_a9625f5484e6b6941d401ec101c; Type: FK CONSTRAINT; Schema: public; Owner: -
--

ALTER TABLE ONLY public.variants
    ADD CONSTRAINT "FK_a9625f5484e6b6941d401ec101c" FOREIGN KEY (product_id) REFERENCES public.products(id) ON DELETE CASCADE;


--
-- Name: order_attributions FK_c529fc01765c17c379c79749f16; Type: FK CONSTRAINT; Schema: public; Owner: -
--

ALTER TABLE ONLY public.order_attributions
    ADD CONSTRAINT "FK_c529fc01765c17c379c79749f16" FOREIGN KEY (shop_id) REFERENCES public.shops(id) ON DELETE CASCADE;


--
-- Name: recovery_links FK_d9dd89a63fdda18b81749fe8d01; Type: FK CONSTRAINT; Schema: public; Owner: -
--

ALTER TABLE ONLY public.recovery_links
    ADD CONSTRAINT "FK_d9dd89a63fdda18b81749fe8d01" FOREIGN KEY (demand_request_id) REFERENCES public.demand_requests(id) ON DELETE CASCADE;


--
-- Name: shop_settings FK_f6d44f4d4f683c81ae7d24b2426; Type: FK CONSTRAINT; Schema: public; Owner: -
--

ALTER TABLE ONLY public.shop_settings
    ADD CONSTRAINT "FK_f6d44f4d4f683c81ae7d24b2426" FOREIGN KEY (shop_id) REFERENCES public.shops(id) ON DELETE CASCADE;


--
-- PostgreSQL database dump complete
--

